{
    "code":0,
    "lastupdate":20140517,
    "hostinfo":
    {
        "thranhost":"172.28.14.87",
        "thranport":22446,
        "chatlisthost":"172.28.41.20",
        "chatlistport":22376,
        "thirdbindhost":"172.28.14.61",
        "thirdbindport":22492,
        "downloadimgurl":"http://172.28.26.143/AvatarServer/services/GetAvatar.ashx?username=%s",
        "uploadimgurl":"http://172.28.26.143/AvatarServer/services/UploadAvatarByStream.ashx",
        "newsurl":"http://news.ourgame.com/list1.aspx?templateID=1553"
        },
    "chat":
    {
        "quickreply":
        [
            {"text":"你敢ALLIN我就敢接！"},
            {"text":"ALL-in吧！！！看谁敢接！！！"},
            {"text":"我可加注喽，敢跟不！"},
            {"text":"不是吧，又加注了，还想看看牌呢！"},
            {"text":"今天牌运不错哦！"},
            {"text":"又被BB了，还能不能行！"},
            {"text":"又诈是不是，跟定你了！"},
            {"text":"莫偷鸡！偷鸡必被捉！"},
            {"text":"不是吧，这样都能中！"},
            {"text":"筹码太小，打不动啊！"},
            {"text":"冤家牌，没办法"},
            {"text":"你真是个好演员！"},
            {"text":"这手牌大的漂亮！"},
        ]
    },
    "shop":
    {
        "enable":1,
        "items":
        [
            {
            "title":"万能豆礼包",
            "url":"http://172.28.160.103:8080/static/shop.html",
            "type":"coin"
            },
            {
            "title":"会员礼包",
            "url":"http://172.28.160.103:8080/static/shop.html",
            "type":"vip"
            }
        ]
    },
    "share":
    {
        "items":
        [
        {
            "id":"share_rank",
            "title":"微信推荐【联众德州扑克】",
            "content":"您的好友(%s)在联众德州扑克万能豆排行榜中拔得头筹！加入游戏一较高下吧！",
            "url":"http://172.28.14.170:8080/static/wxshare/loding.html?isappinstalled=1",
            "img":""
        },
        {
            "id":"share_task",
            "title":"微信推荐【联众德州扑克】",
            "content":"您的好友(%s)在联众德州扑克活动中领取了奖励！加入游戏更多精彩活动等你参与！",
            "url":"http://172.28.14.170:8080/static/wxshare/loding.html",
            "img":""
        },
        {
            "id":"share_result",
            "title":"微信推荐【联众德州扑克】",
            "content":"您的好友(%s)在联众德州扑克牌局中获得了胜利！加入游戏一起战斗吧！Just fighting!",
            "url":"http://172.28.14.170:8080/static/wxshare/loding.html",
            "img":""
        },
        {
            "id":"share_shop",
            "title":"微信推荐【联众德州扑克】",
            "content":"我在联众德州扑克购买了礼包哦！新用户还有更多奖励等你来拿！这么高端的游戏，必须一起玩耍哇！",
            "url":"http://pw.lianzhong.com/Mobile/Download.html",
            "img":""
        }
        ]
    }
}

