{
    "code":0,
    "lastupdate":20140729,
    "hostinfo":
    {
        "thranhost":"202.108.0.83",
        "thranport":22446,
        "chatlisthost":"202.108.32.52",
        "chatlistport":22376,
        "downloadimgurl":"http://hyapp.gfs.lianzhong.com/AvatarServer/services/GetAvatar.ashx?username=%s",
        "uploadimgurl":"http://hyapp.gfs.lianzhong.com/AvatarServer/services/UploadAvatarByStream.ashx"
    },
    "chat":
    {
        "quickreply":
        [
            {"text":"大家好，很高兴见到各位！"},
            {"text":"快点出牌，好吗？"},
            {"text":"今天天气不错啊！"},
            {"text":"高手！高手！高高手！"},
            {"text":"有本事放马过来！"},
            {"text":"多用用你的智慧吧！"}
        ]
    },
    "shop":
    {
        "enable":1,
        "items":
        [
            {
            "title":"万能豆礼包",
            "url":"http://172.28.160.103:8080/static/shop.html",
            "type":"coin"
            },
            {
            "title":"会员礼包",
            "url":"http://172.28.160.103:8080/static/shop.html",
            "type":"vip"
            }
        ]
    },
    "share":
    {
        "items":
        [
        {
            "id":"share_rank",
            "title":"微信推荐【联众德州扑克】",
            "content":"您的好友(%s)在联众德州扑克万能豆排行榜中拔得头筹！加入游戏一较高下吧！",
            "url":"http://pw.lianzhong.com/Mobile/Download.html",
            "img":""
        },
        {
            "id":"share_task",
            "title":"微信推荐【联众德州扑克】",
            "content":"您的好友(%s)在联众德州扑克活动中领取了奖励！加入游戏更多精彩活动等你参与！",
            "url":"http://pw.lianzhong.com/Mobile/Download.html",
            "img":""
        },
        {
            "id":"share_result",
            "title":"微信推荐【联众德州扑克】",
            "content":"您的好友(%s)在联众德州扑克牌局中获得了胜利！加入游戏一起战斗吧！Just fighting!",
            "url":"http://pw.lianzhong.com/Mobile/Download.html",
            "img":""
        },
        {
            "id":"share_shop",
            "title":"微信推荐【联众德州扑克】",
            "content":"我在联众德州扑克购买了礼包哦！新用户还有更多奖励等你来拿！这么高端的游戏，必须一起玩耍哇！",
            "url":"http://pw.lianzhong.com/Mobile/Download.html",
            "img":""
        }
        ]
    }
}

