{
    "code":0,
    "lastupdate":20140517,
    "hostinfo":
    {
        "thranhost":"52.74.49.71",
        "thranport":22446,
        "chatlisthost":"52.74.81.137",
        "chatlistport":22376,
        "thirdbindhost":"52.74.49.71",
        "thirdbindport":22492,
        "downloadimgurl":"http://hyapp.gfs.lianzhong.com/AvatarServer/services/GetAvatar.ashx?username=%s",
        "uploadimgurl":"http://hyapp.gfs.lianzhong.com/AvatarServer/services/UploadAvatarByStream.ashx",
        "newsurl":"http://news.ourgame.com/list1.aspx?templateID=1553",
        "giftcodeurl":"http://awardcdkey.pokermonster.com"
        },
    "chat":
    {
        "quickreply":
        [
            {"text":"Kau berani All-in, Aku pun ikut!"},
            {"text":"All-in saja!!! siapa berani ikut!!!"},
            {"text":"Cepatlah, all-in atau balik saja!"},
            {"text":"Aku mau naik chips, berani ikut?"},
            {"text":"Aduh! Chips naik lagi, rencananya mau cek!"},
            {"text":"Beruntung hari ini!"},
            {"text":"Kalah lagi, bisa nggak!"},
            {"text":"Bohong lagi, aku yakin ikut kamu"},
            {"text":"Jangan rebut! Nanti ditangkap!"},
            {"text":"Begini juga bisa menang kok?"},
            {"text":"Taruhan kecil, tidak bisa donk!"},
            {"text":"Permainan jelek, nasib!"},
            {"text":"Kamu aktor yang baik!"},
            {"text":"Permainan bagus!"}
        ]
    },
    "shop":
    {
        "enable":1,
        "items":
        [
            {
            "title":"万能豆礼包",
            "url":"http://172.28.160.103:8080/static/shop.html",
            "type":"coin"
            },
            {
            "title":"会员礼包",
            "url":"http://172.28.160.103:8080/static/shop.html",
            "type":"vip"
            }
        ]
    },
    "share":
    {
        "items":
        [
        {
            "id":"share_rank",
            "title":"微信推荐【联众德州扑克】",
            "content":"您的好友(%s)在联众德州扑克万能豆排行榜中拔得头筹！加入游戏一较高下吧！",
            "url":"http://172.28.14.170:8080/static/wxshare/loding.html?isappinstalled=1",
            "img":""
        },
        {
            "id":"share_task",
            "title":"微信推荐【联众德州扑克】",
            "content":"您的好友(%s)在联众德州扑克活动中领取了奖励！加入游戏更多精彩活动等你参与！",
            "url":"http://172.28.14.170:8080/static/wxshare/loding.html",
            "img":""
        },
        {
            "id":"share_result",
            "title":"微信推荐【联众德州扑克】",
            "content":"您的好友(%s)在联众德州扑克牌局中获得了胜利！加入游戏一起战斗吧！Just fighting!",
            "url":"http://172.28.14.170:8080/static/wxshare/loding.html",
            "img":""
        },
        {
            "id":"share_shop",
            "title":"微信推荐【联众德州扑克】",
            "content":"我在联众德州扑克购买了礼包哦！新用户还有更多奖励等你来拿！这么高端的游戏，必须一起玩耍哇！",
            "url":"http://pw.lianzhong.com/Mobile/Download.html",
            "img":""
        }
        ]
    }
}

